Username,Jay Test,Height,6ft0in,Inches,72
Weight(lbs),BMI,COB
173.236452293,23.4925204401,459.053120102
