Username,Jaytest2,Height,6ft0in,Inches,72
Weight(lbs),BMI,COB
172.65971643,23.4143095391,443.659338441
